start_file	start_line	run	attempt	outcome	class	ev_file	ev_line
2026-07-26.jsonl	4	ms1szf9g-xm3-1	1	held	-	2026-07-26.jsonl	5
2026-07-26.jsonl	9	ms1szf9g-xm3-1	1	held	-	2026-07-26.jsonl	10
2026-07-26.jsonl	16	ms1t133g-y33-1	1	held	-	2026-07-26.jsonl	17
2026-07-26.jsonl	21	ms1t133g-y33-1	1	held	-	2026-07-26.jsonl	22
2026-07-26.jsonl	28	ms1t326r-ynx-1	1	not-held	REPAIR_FAIL	2026-07-26.jsonl	29
2026-07-26.jsonl	35	ms1tfpgi-112n-1	1	held	-	2026-07-26.jsonl	36
2026-07-26.jsonl	84	ms1wlzzc-1hxe-1	1	not-held	REPAIR_FAIL	2026-07-26.jsonl	85
2026-07-26.jsonl	98	ms1x6gq5-1l2l-1	1	unclassified	-	-	-
2026-07-26.jsonl	166	ms1y69c5-1rro-1	1	unclassified	-	-	-
2026-07-26.jsonl	291	ms1zywdf-21wb-1	1	held	-	2026-07-26.jsonl	292
2026-07-26.jsonl	300	ms1zywdf-21wb-1	1	held	-	2026-07-26.jsonl	301
2026-07-27.jsonl	18	ms2iwxki-3ia-1	1	held	-	2026-07-27.jsonl	19
2026-07-27.jsonl	23	ms2iwxki-3ia-1	1	held	-	2026-07-27.jsonl	24
2026-07-27.jsonl	30	ms2ixegi-3mt-1	1	held	-	2026-07-27.jsonl	31
2026-07-27.jsonl	35	ms2ixegi-3mt-1	1	held	-	2026-07-27.jsonl	36
2026-07-27.jsonl	42	ms2ixhbw-3nx-1	1	held	-	2026-07-27.jsonl	43
2026-07-27.jsonl	47	ms2ixhbw-3nx-1	1	held	-	2026-07-27.jsonl	48
2026-07-27.jsonl	54	ms2ixl42-3og-1	1	held	-	2026-07-27.jsonl	55
2026-07-27.jsonl	59	ms2ixl42-3og-1	1	held	-	2026-07-27.jsonl	60
2026-07-27.jsonl	90	ms2yfgr1-fq-1	1	unclassified	-	-	-
2026-07-27.jsonl	450	ms311hp7-ehg-1	1	unclassified	-	-	-
2026-07-27.jsonl	720	ms313uhe-fwa-1	1	not-held	REPAIR_FAIL	2026-07-27.jsonl	828
2026-07-27.jsonl	763	ms315dc7-gu9-1	1	unclassified	-	-	-
2026-07-27.jsonl	849	ms3172ey-hhy-1	1	held	-	2026-07-27.jsonl	850
2026-07-27.jsonl	854	ms3172ey-hhy-1	1	held	-	2026-07-27.jsonl	855
2026-07-27.jsonl	1754	ms31icda-my7-1	1	unclassified	-	-	-
2026-07-27.jsonl	1785	ms31j09l-nbs-1	1	unclassified	-	-	-
2026-07-27.jsonl	1841	ms31k9ru-o6w-1	1	unclassified	-	-	-
2026-07-27.jsonl	2152	ms31m2p4-ple-1	1	unclassified	-	-	-
2026-07-27.jsonl	2889	loop-55990354-79344	1	not-held	REPAIR_FAIL	2026-07-27.jsonl	2900
2026-07-27.jsonl	2948	ms37v5xr-1qaf-1	1	not-held	REPAIR_FAIL	2026-07-27.jsonl	2970
2026-07-27.jsonl	3014	ms380fcr-1sbc-1	1	unclassified	-	-	-
2026-07-27.jsonl	3270	ms39d9ln-1zue-1	1	unclassified	-	-	-
2026-07-27.jsonl	3479	ms3ihsod-1cm4-1	1	unclassified	-	-	-
2026-07-27.jsonl	4064	ms3mx31z-201s-1	1	unclassified	-	-	-
2026-07-27.jsonl	4447	ms3obyug-47i-1	1	unclassified	-	-	-
2026-07-27.jsonl	4514	ms3odvpc-4su-1	1	unclassified	-	-	-
2026-07-27.jsonl	4591	ms3oor0u-7gf-1	1	unclassified	-	-	-
2026-07-27.jsonl	4805	ms3pixqd-daa-1	1	unclassified	-	-	-
2026-07-27.jsonl	5139	ms3qtwpq-n79-1	1	unclassified	-	-	-
2026-07-27.jsonl	5400	ms3sm6nf-ydk-1	1	unclassified	-	-	-
2026-07-27.jsonl	5792	ms3tk9a1-162p-1	1	unclassified	-	-	-
2026-07-27.jsonl	5868	ms3tqivd-186i-1	1	unclassified	-	-	-
2026-07-27.jsonl	6019	ms3tyv4e-1aoo-1	1	unclassified	-	-	-
2026-07-27.jsonl	6041	ms3u0fmu-1b9m-1	1	unclassified	-	-	-
2026-07-27.jsonl	6057	ms3u22e1-1bmw-1	1	unclassified	-	-	-
2026-07-27.jsonl	6081	ms3u3w6m-1c2b-1	1	unclassified	-	-	-
2026-07-27.jsonl	6252	ms3uhhpg-1nv3-1	1	unclassified	-	-	-
2026-07-27.jsonl	6262	ms3ui6vq-1o25-1	1	unclassified	-	-	-
2026-07-27.jsonl	6349	ms3uly3t-1p3x-1	1	unclassified	-	-	-
2026-07-27.jsonl	6389	ms3umz4z-1phi-1	1	unclassified	-	-	-
2026-07-27.jsonl	6410	ms3ungu7-1pql-1	1	unclassified	-	-	-
2026-07-27.jsonl	6441	ms3uo7w5-1q67-1	1	unclassified	-	-	-
2026-07-27.jsonl	6592	ms3upgnx-1rzi-1	1	unclassified	-	-	-
2026-07-27.jsonl	6602	ms3upmfb-1s8t-1	1	unclassified	-	-	-
2026-07-27.jsonl	6703	ms3us61e-1v19-1	1	unclassified	-	-	-
2026-07-27.jsonl	6732	ms3uswk5-1w64-1	1	unclassified	-	-	-
2026-07-27.jsonl	6742	ms3ut5vj-1wak-1	1	unclassified	-	-	-
2026-07-27.jsonl	7068	ms3vgkgi-22mw-1	1	unclassified	-	-	-
2026-07-28.jsonl	1147	ng-97192532-20813	1	held	-	2026-07-28.jsonl	1157
2026-07-28.jsonl	1410	ng-98510329-36685	1	held	-	2026-07-28.jsonl	1411
2026-07-28.jsonl	1776	ng-1012893-59175	1	unclassified	-	-	-
2026-07-28.jsonl	2002	ng-1798995-77812	1	unclassified	-	-	-
2026-07-28.jsonl	2029	ng-1943198-78531	1	unclassified	-	-	-
2026-07-28.jsonl	2032	ng-1950522-78716	1	not-held	REPAIR_FAIL	2026-07-28.jsonl	2033
2026-07-28.jsonl	2074	ng-2206503-80142	1	unclassified	-	-	-
2026-07-28.jsonl	2088	ng-2319718-80824	1	unclassified	-	-	-
2026-07-28.jsonl	2356	ng-29965390-90434	1	unclassified	-	-	-
2026-07-28.jsonl	2566	ng-31384577-98985	1	unclassified	-	-	-
2026-07-28.jsonl	2741	ng-32951639-9257	1	held	-	2026-07-28.jsonl	2742
2026-07-28.jsonl	2831	ng-33919298-16168	1	unclassified	-	-	-
2026-07-28.jsonl	2968	ng-35034574-21443	1	unclassified	-	-	-
2026-07-28.jsonl	3542	ng-48330469-806	1	unclassified	-	-	-
2026-07-28.jsonl	3617	ng-62739840-30095	1	unclassified	-	-	-
2026-07-28.jsonl	3707	ng-67380150-51332	1	unclassified	-	-	-
2026-07-28.jsonl	3723	ng-67858861-53575	1	unclassified	-	-	-
2026-07-28.jsonl	3984	ng-78839455-96995	1	unclassified	-	-	-
2026-07-29.jsonl	1350	ng-619735-98864	1	unclassified	-	-	-
2026-07-29.jsonl	4313	ng-40648940-71335	1	unclassified	-	-	-
2026-07-29.jsonl	4316	ng-40660856-71474	1	unclassified	-	-	-
2026-07-29.jsonl	4327	ng-40706060-71780	1	unclassified	-	-	-
2026-07-29.jsonl	4445	ng-42526508-79509	1	unclassified	-	-	-
2026-07-29.jsonl	4450	ng-42554419-79735	1	unclassified	-	-	-
2026-07-29.jsonl	4489	ng-42945160-81724	1	unclassified	-	-	-
2026-07-29.jsonl	4570	ng-44324678-87465	1	unclassified	-	-	-
2026-07-29.jsonl	4742	ng-45320280-92818	1	unclassified	-	-	-
2026-07-29.jsonl	6321	ng-63446521-66556	1	unclassified	-	-	-
2026-07-29.jsonl	6444	ng-64776646-73979	1	unclassified	-	-	-
2026-07-29.jsonl	6492	ng-64832070-74778	1	unclassified	-	-	-
2026-07-31.jsonl	1302	ng-6092549-77729	1	unclassified	-	-	-
2026-07-31.jsonl	1603	ng-6798260-82514	1	unclassified	-	-	-
2026-07-31.jsonl	3136	ms92w639-mdr-1	1	held	-	2026-07-31.jsonl	3137
2026-07-31.jsonl	3141	ms92w639-mdr-1	1	held	-	2026-07-31.jsonl	3142
2026-07-31.jsonl	3148	ms92w64b-mdu-1	1	held	-	2026-07-31.jsonl	3157
2026-07-31.jsonl	3195	ng-10589743-29522	1	unclassified	-	-	-
2026-07-31.jsonl	3320	ng-10661144-30864	1	unclassified	-	-	-
2026-07-31.jsonl	3727	ng-10910434-40747	1	held	-	2026-07-31.jsonl	3746
2026-07-31.jsonl	4123	ng-11256653-43730	1	unclassified	-	-	-
2026-07-31.jsonl	4662	ng-11591221-48265	1	unclassified	-	-	-
2026-07-31.jsonl	4809	ng-11685558-53024	1	unclassified	-	-	-
2026-07-31.jsonl	5142	ng-12072547-55571	1	unclassified	-	-	-
2026-07-31.jsonl	5199	ng-12120297-56353	1	unclassified	-	-	-
2026-07-31.jsonl	5240	ng-12156872-56632	1	unclassified	-	-	-
2026-07-31.jsonl	6704	ng-16993870-77515	1	unclassified	-	-	-
2026-07-31.jsonl	7088	ng-17631321-82504	1	unclassified	-	-	-
2026-07-31.jsonl	8033	ng-19622213-2338	1	unclassified	-	-	-
2026-07-31.jsonl	8184	ng-20389336-9700	1	unclassified	-	-	-
2026-07-31.jsonl	8196	ng-20449597-9922	1	unclassified	-	-	-
2026-07-31.jsonl	8261	ng-20864431-10862	1	unclassified	-	-	-
2026-07-31.jsonl	8443	ng-21886939-13527	1	unclassified	-	-	-
2026-07-31.jsonl	8535	ng-25867468-19103	1	unclassified	-	-	-
2026-07-31.jsonl	9259	ng-30735380-37254	1	unclassified	-	-	-
2026-07-31.jsonl	9297	ng-30908742-37761	1	unclassified	-	-	-
2026-07-31.jsonl	9541	ng-31749594-43940	1	unclassified	-	-	-
2026-07-31.jsonl	9703	ng-32318611-52060	1	unclassified	-	-	-
2026-07-31.jsonl	10043	ng-35644773-61694	1	unclassified	-	-	-
2026-07-31.jsonl	10578	ng-37965279-74430	1	unclassified	-	-	-
2026-07-31.jsonl	10738	ng-38241994-75382	1	unclassified	-	-	-
2026-07-31.jsonl	11325	ng-39499584-84023	1	unclassified	-	-	-
2026-07-31.jsonl	11746	ng-40479943-98585	1	unclassified	-	-	-
2026-07-31.jsonl	12107	ng-41234409-5758	1	held	-	2026-07-31.jsonl	12117
2026-07-31.jsonl	12166	ng-41385901-6405	1	unclassified	-	-	-
2026-07-31.jsonl	12178	rp-41434237-6573	None	held	-	2026-07-31.jsonl	12189
2026-07-31.jsonl	12220	ng-41575306-7129	1	unclassified	-	-	-
2026-07-31.jsonl	12248	ng-41645081-7457	1	unclassified	-	-	-
2026-07-31.jsonl	12267	rp-41705371-7795	None	not-held	REPAIR_FAIL	2026-07-31.jsonl	12268
2026-07-31.jsonl	12270	ng-41714300-7890	1	unclassified	-	-	-
2026-07-31.jsonl	12287	ng-41788080-8265	1	unclassified	-	-	-
2026-07-31.jsonl	12322	rp-41913597-8675	None	not-held	test-tamper	2026-07-31.jsonl	12324
2026-07-31.jsonl	12340	rp-41990526-9092	None	not-held	REPAIR_FAIL	2026-07-31.jsonl	12343
2026-07-31.jsonl	12352	ng-42040155-9399	1	unclassified	-	-	-
2026-07-31.jsonl	12366	ng-42110430-9658	1	unclassified	-	-	-
2026-07-31.jsonl	12368	rp-42146594-9795	None	held	-	2026-07-31.jsonl	12369
2026-07-31.jsonl	12375	ng-42232258-10088	1	unclassified	-	-	-
2026-08-01.jsonl	766	ng-44759034-37729	1	unclassified	-	-	-
2026-08-01.jsonl	783	ng-44818385-37950	1	unclassified	-	-	-
2026-08-01.jsonl	877	ng-45785725-48510	1	unclassified	-	-	-
2026-08-01.jsonl	1422	ng-47283033-59053	1	unclassified	-	-	-
2026-08-01.jsonl	1755	ng-48351478-71242	1	unclassified	-	-	-
2026-08-01.jsonl	1897	ng-49355312-85603	1	unclassified	-	-	-
2026-08-01.jsonl	2328	ng-51748779-4854	1	unclassified	-	-	-
2026-08-01.jsonl	2820	ng-54488500-35594	1	unclassified	-	-	-
2026-08-01.jsonl	2954	ng-55500756-45420	1	unclassified	-	-	-
2026-08-01.jsonl	2974	ng-55643011-46042	1	unclassified	-	-	-
2026-08-01.jsonl	2979	ng-55692740-46454	1	unclassified	-	-	-
2026-08-01.jsonl	3066	ng-56400800-52313	1	unclassified	-	-	-
2026-08-01.jsonl	3324	ng-57913623-70411	1	unclassified	-	-	-
2026-08-01.jsonl	3791	ng-60477777-96925	1	unclassified	-	-	-
2026-08-01.jsonl	3978	ng-61676804-13577	1	unclassified	-	-	-
2026-08-01.jsonl	4528	ng-64752791-45114	1	unclassified	-	-	-
2026-08-01.jsonl	5030	ng-79584879-87481	1	unclassified	-	-	-
2026-08-01.jsonl	5391	ng-80355258-92594	1	unclassified	-	-	-
2026-08-01.jsonl	6170	ng-80789135-16239	1	unclassified	-	-	-
2026-08-01.jsonl	8393	ng-81639850-25822	1	unclassified	-	-	-
2026-08-01.jsonl	8448	ng-81720735-26247	1	unclassified	-	-	-
2026-08-01.jsonl	8735	ng-82019984-34936	1	unclassified	-	-	-
2026-08-01.jsonl	8775	ng-82076958-36707	1	unclassified	-	-	-
2026-08-01.jsonl	8788	ng-82092384-37090	1	unclassified	-	-	-
2026-08-01.jsonl	9036	ng-82403645-42927	1	unclassified	-	-	-
2026-08-01.jsonl	9038	ng-82403734-42930	1	unclassified	-	-	-
2026-08-01.jsonl	9211	ng-82512418-45687	1	unclassified	-	-	-
2026-08-01.jsonl	9699	ng-82807169-49880	1	unclassified	-	-	-
2026-08-01.jsonl	9942	ng-82951862-51300	1	unclassified	-	-	-
2026-08-01.jsonl	10151	ng-83157658-53680	1	held	-	2026-08-01.jsonl	10187
2026-08-01.jsonl	10347	ng-83289352-55838	1	unclassified	-	-	-
2026-08-01.jsonl	10385	ng-83322115-56763	1	unclassified	-	-	-
2026-08-01.jsonl	10461	ng-83379004-57985	1	unclassified	-	-	-
2026-08-01.jsonl	10838	ng-83823818-77084	1	unclassified	-	-	-
2026-08-01.jsonl	11378	ng-84552275-85572	1	unclassified	-	-	-
2026-08-01.jsonl	11640	ng-84901704-90266	1	unclassified	-	-	-
2026-08-01.jsonl	12448	ng-85926106-1094	1	unclassified	-	-	-
2026-08-01.jsonl	12515	ng-85984902-2477	1	unclassified	-	-	-
2026-08-01.jsonl	12584	ng-86028646-3368	1	unclassified	-	-	-
2026-08-01.jsonl	12928	ng-86223942-8949	1	unclassified	-	-	-
2026-08-01.jsonl	12958	ng-86233659-9711	1	unclassified	-	-	-
2026-08-01.jsonl	13277	ng-86455706-17017	1	unclassified	-	-	-
2026-08-01.jsonl	13323	ng-86503969-17582	1	unclassified	-	-	-
2026-08-01.jsonl	13333	ng-86526375-18094	1	unclassified	-	-	-
2026-08-01.jsonl	13354	ng-86570595-19038	1	unclassified	-	-	-
2026-08-01.jsonl	13497	ng-86691944-21820	1	unclassified	-	-	-
2026-08-01.jsonl	13622	ng-86761183-23246	1	unclassified	-	-	-
2026-08-01.jsonl	13688	ng-86802415-25697	1	unclassified	-	-	-
2026-08-01.jsonl	13980	ng-86944676-27535	1	unclassified	-	-	-
2026-08-01.jsonl	14438	ng-87415288-38412	1	unclassified	-	-	-
2026-08-01.jsonl	14609	ng-87800041-46307	1	unclassified	-	-	-
2026-08-01.jsonl	14619	ng-87816390-47409	1	unclassified	-	-	-
2026-08-01.jsonl	14663	ng-87957373-48320	1	unclassified	-	-	-
2026-08-01.jsonl	14668	ng-88030979-50684	1	unclassified	-	-	-
2026-08-01.jsonl	14678	ng-88103902-53030	1	unclassified	-	-	-
2026-08-01.jsonl	14716	ng-88231301-59082	1	unclassified	-	-	-
2026-08-01.jsonl	14862	ng-88538132-66686	1	unclassified	-	-	-
2026-08-01.jsonl	15103	ng-89597689-79574	1	unclassified	-	-	-
2026-08-01.jsonl	19853	ng-90612001-6310	1	unclassified	-	-	-
2026-08-01.jsonl	21166	ng-91088571-15080	1	unclassified	-	-	-
2026-08-01.jsonl	23118	ng-4824356-57116	1	unclassified	-	-	-
2026-08-01.jsonl	23262	ng-5021761-59267	1	unclassified	-	-	-
2026-08-01.jsonl	24283	ng-6518521-91225	1	held	-	2026-08-01.jsonl	24294
2026-08-01.jsonl	24326	ng-6584133-92982	1	held	-	2026-08-01.jsonl	24333
2026-08-01.jsonl	24754	ng-7387320-34526	1	unclassified	-	-	-
2026-08-01.jsonl	24757	ng-7389090-34569	1	unclassified	-	-	-
2026-08-01.jsonl	24768	ng-7399512-34794	1	unclassified	-	-	-
2026-08-01.jsonl	24791	ng-7423874-36422	1	unclassified	-	-	-
2026-08-01.jsonl	24795	ng-7433292-36773	1	unclassified	-	-	-
2026-08-01.jsonl	24822	ng-7461111-37241	1	unclassified	-	-	-
2026-08-01.jsonl	24897	ng-7543150-41624	1	unclassified	-	-	-
2026-08-01.jsonl	24918	ng-7561642-42062	1	unclassified	-	-	-
2026-08-01.jsonl	24945	ng-7590791-42539	1	unclassified	-	-	-
2026-08-01.jsonl	24959	ng-7602640-42691	1	unclassified	-	-	-
2026-08-01.jsonl	25045	ng-7673988-44617	1	unclassified	-	-	-
2026-08-01.jsonl	25344	ng-7958565-57588	1	unclassified	-	-	-
2026-08-01.jsonl	25608	ng-8185717-67613	1	unclassified	-	-	-
2026-08-01.jsonl	25693	ng-8247126-68815	1	unclassified	-	-	-
2026-08-01.jsonl	26219	ng-8694454-81297	1	unclassified	-	-	-
2026-08-01.jsonl	26400	ng-8875664-83060	1	unclassified	-	-	-
2026-08-01.jsonl	26509	ng-9010874-84011	1	unclassified	-	-	-
2026-08-01.jsonl	26718	ng-9215987-86486	1	unclassified	-	-	-
2026-08-01.jsonl	26908	ng-9416864-94857	1	unclassified	-	-	-
2026-08-01.jsonl	27028	ng-9538603-96753	1	unclassified	-	-	-
2026-08-01.jsonl	27383	ng-9887961-1376	1	unclassified	-	-	-
2026-08-01.jsonl	27430	ng-9937207-2676	1	unclassified	-	-	-
2026-08-01.jsonl	28085	ng-10360076-12999	1	unclassified	-	-	-
2026-08-01.jsonl	28115	ng-10393165-16487	1	unclassified	-	-	-
2026-08-01.jsonl	28145	ng-10426121-20509	1	unclassified	-	-	-
2026-08-01.jsonl	28287	ng-10543322-26559	1	unclassified	-	-	-
2026-08-01.jsonl	28346	ng-10593756-29963	1	unclassified	-	-	-
2026-08-01.jsonl	29350	ng-11924675-46992	1	unclassified	-	-	-
2026-08-01.jsonl	29908	ng-12632072-25699	1	unclassified	-	-	-
2026-08-01.jsonl	29951	ng-12664503-32657	1	unclassified	-	-	-
2026-08-01.jsonl	30161	ng-13020481-83064	1	unclassified	-	-	-
2026-08-01.jsonl	30314	ng-13291624-27133	1	held	-	2026-08-01.jsonl	30325
2026-08-01.jsonl	30348	ng-13332774-36052	1	unclassified	-	-	-
2026-08-01.jsonl	30683	ng-13746539-94024	1	unclassified	-	-	-
2026-08-01.jsonl	31568	ng-15427618-74748	1	unclassified	-	-	-
2026-08-01.jsonl	33071	ng-20366498-41420	1	unclassified	-	-	-
2026-08-01.jsonl	34676	ng-26274857-45637	1	unclassified	-	-	-
2026-08-01.jsonl	34757	ng-26727186-73258	1	unclassified	-	-	-
2026-08-01.jsonl	34967	ng-27213975-3276	1	unclassified	-	-	-
2026-08-02.jsonl	886	ng-50530175-93014	1	unclassified	-	-	-
2026-08-02.jsonl	936	ng-50719046-94793	1	held	-	2026-08-02.jsonl	937
2026-08-02.jsonl	947	ng-50770092-95140	1	held	-	2026-08-02.jsonl	950
2026-08-02.jsonl	1139	ng-52002378-21314	1	unclassified	-	-	-
2026-08-02.jsonl	1202	ng-52488155-24390	1	unclassified	-	-	-
2026-08-02.jsonl	1426	ng-54570264-56355	1	not-held	REPAIR_FAIL	2026-08-02.jsonl	1454
2026-08-02.jsonl	1433	ng-54712309-59480	1	not-held	REPAIR_FAIL	2026-08-02.jsonl	1469
2026-08-02.jsonl	1440	ng-54857696-61304	1	not-held	REPAIR_FAIL	2026-08-02.jsonl	1483
2026-08-02.jsonl	1447	ng-55002458-61814	1	not-held	REPAIR_FAIL	2026-08-02.jsonl	1503
2026-08-02.jsonl	1513	ng-55636252-64126	1	unclassified	-	-	-
2026-08-02.jsonl	1537	ng-55835193-68393	1	unclassified	-	-	-
2026-08-02.jsonl	1560	ng-56025526-79479	1	unclassified	-	-	-
2026-08-02.jsonl	1561	ng-56046203-80232	1	held	-	2026-08-02.jsonl	1562
2026-08-02.jsonl	1568	ng-56145421-83327	1	unclassified	-	-	-
2026-08-02.jsonl	1646	ng-56865394-4057	1	held	-	2026-08-02.jsonl	1647
2026-08-02.jsonl	2470	ng-8080614-59181	1	unclassified	-	-	-
2026-08-02.jsonl	6211	ng-10250890-33591	1	unclassified	-	-	-
2026-08-02.jsonl	6686	ng-11364665-44452	1	unclassified	-	-	-
2026-08-02.jsonl	7110	ng-11779233-48789	1	unclassified	-	-	-
2026-08-02.jsonl	7297	ng-11943678-51789	1	held	-	2026-08-02.jsonl	7383
2026-08-02.jsonl	7398	ng-12022224-53703	1	unclassified	-	-	-
2026-08-02.jsonl	7420	ng-12051050-56525	1	not-held	REPAIR_FAIL	2026-08-02.jsonl	7506
2026-08-02.jsonl	7518	ng-12154753-67722	1	unclassified	-	-	-
2026-08-02.jsonl	7553	ng-12183562-68094	1	unclassified	-	-	-
2026-08-02.jsonl	7590	ng-12243674-70469	1	unclassified	-	-	-
2026-08-02.jsonl	7818	ng-12456717-76684	1	unclassified	-	-	-
2026-08-02.jsonl	7837	ng-12468440-77116	1	unclassified	-	-	-
2026-08-02.jsonl	7939	ng-12527116-79451	1	unclassified	-	-	-
2026-08-02.jsonl	8026	ng-12572842-81362	1	not-held	REPAIR_FAIL	2026-08-02.jsonl	8027
2026-08-02.jsonl	8063	ng-12586885-82558	1	not-held	REPAIR_FAIL	2026-08-02.jsonl	8064
2026-08-02.jsonl	8089	ng-12591755-83123	1	unclassified	-	-	-
2026-08-02.jsonl	8121	ng-12606126-83899	1	held	-	2026-08-02.jsonl	8122
2026-08-02.jsonl	8135	ng-12614607-84434	1	unclassified	-	-	-
2026-08-02.jsonl	8163	ng-12628467-85283	1	not-held	REPAIR_FAIL	2026-08-02.jsonl	8164
2026-08-02.jsonl	8380	ng-12684791-88995	1	unclassified	-	-	-
2026-08-02.jsonl	8464	ng-12696666-90079	1	unclassified	-	-	-
2026-08-02.jsonl	8485	ng-12707687-90367	1	not-held	REPAIR_FAIL	2026-08-02.jsonl	8488
2026-08-02.jsonl	8682	ng-12770127-91530	1	not-held	REPAIR_FAIL	2026-08-02.jsonl	8683
2026-08-02.jsonl	8780	ng-12815001-92169	1	unclassified	-	-	-
2026-08-02.jsonl	8903	ng-12866280-92703	1	unclassified	-	-	-
2026-08-02.jsonl	9030	ng-12945719-95739	1	not-held	REPAIR_FAIL	2026-08-02.jsonl	9031
2026-08-02.jsonl	9567	ng-13251943-99859	1	unclassified	-	-	-
2026-08-02.jsonl	9614	ng-13321837-498	1	unclassified	-	-	-
2026-08-02.jsonl	9950	ng-14323029-38085	1	unclassified	-	-	-
2026-08-02.jsonl	9969	ng-14529921-56221	1	unclassified	-	-	-
2026-08-03.jsonl	2	ng-15264743-75194	1	unclassified	-	-	-
2026-08-03.jsonl	154	ng-54072180-23796	1	unclassified	-	-	-
2026-08-03.jsonl	191	ng-54383295-25242	1	unclassified	-	-	-
2026-08-03.jsonl	424	ng-55181630-31546	1	unclassified	-	-	-
2026-08-03.jsonl	460	ng-55289081-32724	1	unclassified	-	-	-
2026-08-03.jsonl	566	ng-55760825-34961	1	unclassified	-	-	-
2026-08-03.jsonl	568	ng-55770309-36635	1	unclassified	-	-	-
2026-08-03.jsonl	598	ng-55873003-40773	1	unclassified	-	-	-
2026-08-03.jsonl	663	ng-56066772-44459	1	unclassified	-	-	-
2026-08-03.jsonl	702	ng-56268268-62539	1	unclassified	-	-	-
2026-08-03.jsonl	718	ng-56376155-62895	1	unclassified	-	-	-
2026-08-03.jsonl	733	ng-56447990-63369	1	unclassified	-	-	-
2026-08-03.jsonl	754	ng-56509356-64017	1	unclassified	-	-	-
2026-08-03.jsonl	763	ng-56560370-64585	1	unclassified	-	-	-
2026-08-03.jsonl	777	ng-56610684-65445	1	unclassified	-	-	-
2026-08-03.jsonl	784	ng-56654430-68230	1	unclassified	-	-	-
2026-08-03.jsonl	798	ng-56749108-69458	1	unclassified	-	-	-
2026-08-03.jsonl	819	ng-56855092-70962	1	unclassified	-	-	-
2026-08-03.jsonl	825	ng-56899896-79230	1	unclassified	-	-	-
2026-08-03.jsonl	829	ng-56916728-82935	1	not-held	REPAIR_FAIL	2026-08-03.jsonl	830
2026-08-03.jsonl	844	ng-57037877-84609	1	unclassified	-	-	-
2026-08-03.jsonl	1156	ng-76935656-46466	1	held	-	2026-08-03.jsonl	1157
2026-08-03.jsonl	1227	ng-77132735-48495	1	unclassified	-	-	-
2026-08-03.jsonl	1270	ng-77255238-51323	1	not-held	REPAIR_FAIL	2026-08-03.jsonl	1271
2026-08-03.jsonl	1346	ng-77420807-59961	1	unclassified	-	-	-
2026-08-03.jsonl	1378	ng-77533310-65337	1	unclassified	-	-	-
2026-08-03.jsonl	2007	ng-81527173-29286	1	unclassified	-	-	-
2026-08-03.jsonl	2133	ng-81907292-49582	1	held	-	2026-08-03.jsonl	2139
2026-08-03.jsonl	2138	ng-81922967-49699	1	unclassified	-	-	-
2026-08-03.jsonl	2143	ng-81946780-49900	1	unclassified	-	-	-
2026-08-03.jsonl	2146	ng-81951676-49981	1	unclassified	-	-	-
2026-08-03.jsonl	2158	ng-81993409-50197	1	held	-	2026-08-03.jsonl	2176
2026-08-03.jsonl	2198	ng-82269886-69758	1	unclassified	-	-	-
2026-08-03.jsonl	2213	ng-82526551-86639	1	unclassified	-	-	-
2026-08-03.jsonl	2224	ng-82755690-5113	1	not-held	REPAIR_FAIL	2026-08-03.jsonl	2225
2026-08-03.jsonl	2237	ng-83079038-24058	1	unclassified	-	-	-
2026-08-03.jsonl	2285	ng-83681995-42571	1	unclassified	-	-	-
2026-08-04.jsonl	665	ng-42017917-24627	1	held	-	2026-08-04.jsonl	666
2026-08-04.jsonl	2082	ng-72853662-99313	1	unclassified	-	-	-
2026-08-04.jsonl	2366	ng-73974819-40818	1	unclassified	-	-	-
2026-08-04.jsonl	2392	ng-74078290-41169	1	unclassified	-	-	-
2026-08-04.jsonl	2801	ng-76721846-50397	1	unclassified	-	-	-
2026-08-04.jsonl	2805	ng-76766370-50597	1	held	-	2026-08-04.jsonl	2833
2026-08-04.jsonl	2947	ng-77482375-53502	1	not-held	REPAIR_FAIL	2026-08-04.jsonl	2948
2026-08-04.jsonl	2958	ng-77496110-53695	1	unclassified	-	-	-
2026-08-04.jsonl	2986	ng-77670343-54852	1	held	-	2026-08-04.jsonl	3017
2026-08-04.jsonl	3248	ng-78154573-68426	1	held	-	2026-08-04.jsonl	3257
2026-08-04.jsonl	3720	ng-79358238-16018	1	held	-	2026-08-04.jsonl	3779
2026-08-04.jsonl	4047	ng-85100946-78989	1	held	-	2026-08-04.jsonl	4114
2026-08-04.jsonl	4161	ng-85320236-87342	1	held	-	2026-08-04.jsonl	4197
2026-08-04.jsonl	4249	ng-85511819-4243	1	unclassified	-	-	-
2026-08-05.jsonl	280	ng-88946120-45479	1	unclassified	-	-	-
2026-08-05.jsonl	349	ng-89251014-66519	1	unclassified	-	-	-
2026-08-05.jsonl	384	ng-89386710-67787	1	unclassified	-	-	-
2026-08-05.jsonl	511	ng-90009273-89880	1	unclassified	-	-	-
2026-08-05.jsonl	527	ng-90047697-90176	1	not-held	REPAIR_FAIL	2026-08-05.jsonl	560
2026-08-05.jsonl	530	rp-90052128-90565	None	not-held	harness-tamper	2026-08-05.jsonl	531
2026-08-05.jsonl	694	ng-90739929-34339	1	not-held	REPAIR_FAIL	2026-08-05.jsonl	697
2026-08-05.jsonl	717	ng-90880765-34784	1	unclassified	-	-	-
2026-08-05.jsonl	1333	ng-10646389-40297	1	held	-	2026-08-05.jsonl	1334
2026-08-05.jsonl	1386	rp-12125478-41727	None	held	-	2026-08-05.jsonl	1387
2026-08-05.jsonl	1390	rp-12138988-41776	None	held	-	2026-08-05.jsonl	1391
2026-08-05.jsonl	1392	rp-12139485-41801	None	not-held	REPAIR_FAIL	2026-08-05.jsonl	1393
2026-08-05.jsonl	1394	rp-12140479-41848	None	not-held	REPAIR_FAIL	2026-08-05.jsonl	1395
2026-08-05.jsonl	1398	rp-12153109-41917	None	not-held	REPAIR_FAIL	2026-08-05.jsonl	1399
2026-08-05.jsonl	1400	rp-12153532-41937	None	not-held	REPAIR_FAIL	2026-08-05.jsonl	1401
2026-08-05.jsonl	1402	rp-12153960-41955	None	held	-	2026-08-05.jsonl	1403
2026-08-05.jsonl	1408	rp-12205675-42053	None	held	-	2026-08-05.jsonl	1409
2026-08-05.jsonl	1410	rp-12206355-42073	None	not-held	REPAIR_FAIL	2026-08-05.jsonl	1411
2026-08-05.jsonl	1412	rp-12206850-42091	None	held	-	2026-08-05.jsonl	1413
2026-08-05.jsonl	1414	rp-12207306-42110	None	not-held	REPAIR_FAIL	2026-08-05.jsonl	1415
2026-08-05.jsonl	1416	rp-12207806-42128	None	held	-	2026-08-05.jsonl	1417
2026-08-05.jsonl	1418	rp-12208231-42147	None	not-held	REPAIR_FAIL	2026-08-05.jsonl	1419
2026-08-05.jsonl	1420	rp-12208701-42164	None	held	-	2026-08-05.jsonl	1421
2026-08-05.jsonl	1422	rp-12209187-42185	None	not-held	REPAIR_FAIL	2026-08-05.jsonl	1423
2026-08-05.jsonl	1424	rp-12209663-42202	None	held	-	2026-08-05.jsonl	1425
2026-08-05.jsonl	1426	rp-12210163-42222	None	not-held	REPAIR_FAIL	2026-08-05.jsonl	1427
2026-08-05.jsonl	1428	rp-12210640-42239	None	not-held	REPAIR_FAIL	2026-08-05.jsonl	1429
2026-08-05.jsonl	1430	rp-12211047-42258	None	not-held	REPAIR_FAIL	2026-08-05.jsonl	1431
2026-08-05.jsonl	1432	rp-12211479-42276	None	held	-	2026-08-05.jsonl	1433
2026-08-05.jsonl	1434	rp-12212028-42296	None	held	-	2026-08-05.jsonl	1435
2026-08-05.jsonl	1436	rp-12212459-42317	None	held	-	2026-08-05.jsonl	1437
2026-08-05.jsonl	1438	rp-12212947-42337	None	held	-	2026-08-05.jsonl	1439
2026-08-05.jsonl	1440	rp-12213414-42356	None	held	-	2026-08-05.jsonl	1441
2026-08-05.jsonl	1442	rp-12213850-42376	None	held	-	2026-08-05.jsonl	1443
2026-08-05.jsonl	1444	rp-12214308-42395	None	held	-	2026-08-05.jsonl	1445
2026-08-05.jsonl	1446	rp-12214750-42414	None	held	-	2026-08-05.jsonl	1447
2026-08-05.jsonl	1448	rp-12215243-42434	None	held	-	2026-08-05.jsonl	1449
2026-08-05.jsonl	1450	rp-12215692-42453	None	held	-	2026-08-05.jsonl	1451
2026-08-05.jsonl	1452	rp-12216109-42473	None	held	-	2026-08-05.jsonl	1453
2026-08-05.jsonl	1454	rp-12216554-42492	None	held	-	2026-08-05.jsonl	1455
2026-08-05.jsonl	1456	rp-12217057-42513	None	held	-	2026-08-05.jsonl	1457
2026-08-05.jsonl	1458	rp-12217501-42532	None	held	-	2026-08-05.jsonl	1459
2026-08-05.jsonl	1460	rp-12217946-42552	None	held	-	2026-08-05.jsonl	1461
2026-08-05.jsonl	1462	rp-12218493-42571	None	held	-	2026-08-05.jsonl	1463
2026-08-05.jsonl	1464	rp-12218917-42590	None	held	-	2026-08-05.jsonl	1465
2026-08-05.jsonl	1466	rp-12219390-42610	None	held	-	2026-08-05.jsonl	1467
2026-08-05.jsonl	1468	rp-12219804-42629	None	held	-	2026-08-05.jsonl	1469
2026-08-05.jsonl	1470	rp-12220241-42649	None	held	-	2026-08-05.jsonl	1471
2026-08-05.jsonl	1472	rp-12220687-42668	None	held	-	2026-08-05.jsonl	1473
2026-08-05.jsonl	1474	rp-12221210-42688	None	held	-	2026-08-05.jsonl	1475
2026-08-05.jsonl	1476	rp-12221660-42707	None	held	-	2026-08-05.jsonl	1477
2026-08-05.jsonl	1478	rp-12222156-42727	None	held	-	2026-08-05.jsonl	1479
2026-08-05.jsonl	1482	rp-12267354-42804	None	not-held	REPAIR_FAIL	2026-08-05.jsonl	1483
2026-08-05.jsonl	1495	rp-12373855-43247	None	held	-	2026-08-05.jsonl	1496
2026-08-05.jsonl	1497	rp-12374465-43268	None	not-held	REPAIR_FAIL	2026-08-05.jsonl	1498
2026-08-05.jsonl	1499	rp-12374902-43285	None	held	-	2026-08-05.jsonl	1500
2026-08-05.jsonl	1501	rp-12375384-43305	None	not-held	REPAIR_FAIL	2026-08-05.jsonl	1502
2026-08-05.jsonl	1503	rp-12375890-43322	None	held	-	2026-08-05.jsonl	1504
2026-08-05.jsonl	1505	rp-12376398-43342	None	not-held	REPAIR_FAIL	2026-08-05.jsonl	1506
2026-08-05.jsonl	1507	rp-12376893-43359	None	held	-	2026-08-05.jsonl	1508
2026-08-05.jsonl	1509	rp-12377331-43380	None	not-held	REPAIR_FAIL	2026-08-05.jsonl	1510
2026-08-05.jsonl	1511	rp-12377812-43397	None	held	-	2026-08-05.jsonl	1512
2026-08-05.jsonl	1513	rp-12378239-43416	None	not-held	REPAIR_FAIL	2026-08-05.jsonl	1514
2026-08-05.jsonl	1515	rp-12378732-43434	None	held	-	2026-08-05.jsonl	1516
2026-08-05.jsonl	1517	rp-12379190-43453	None	not-held	REPAIR_FAIL	2026-08-05.jsonl	1518
2026-08-05.jsonl	1519	rp-12380303-43472	None	held	-	2026-08-05.jsonl	1520
2026-08-05.jsonl	1521	rp-12380802-43498	None	held	-	2026-08-05.jsonl	1522
2026-08-05.jsonl	1523	rp-12381258-43523	None	held	-	2026-08-05.jsonl	1524
2026-08-05.jsonl	1525	rp-12381678-43549	None	held	-	2026-08-05.jsonl	1526
2026-08-05.jsonl	1527	rp-12382151-43574	None	held	-	2026-08-05.jsonl	1528
2026-08-05.jsonl	1529	rp-12382661-43600	None	held	-	2026-08-05.jsonl	1530
2026-08-05.jsonl	1531	rp-12383081-43625	None	held	-	2026-08-05.jsonl	1532
2026-08-05.jsonl	1533	rp-12383556-43652	None	held	-	2026-08-05.jsonl	1534
2026-08-05.jsonl	1535	rp-12383986-43677	None	held	-	2026-08-05.jsonl	1536
2026-08-05.jsonl	1537	rp-12384420-43702	None	held	-	2026-08-05.jsonl	1538
2026-08-05.jsonl	1539	rp-12384898-43728	None	held	-	2026-08-05.jsonl	1540
2026-08-05.jsonl	1541	rp-12385324-43753	None	held	-	2026-08-05.jsonl	1542
2026-08-05.jsonl	1549	rp-12466627-44088	None	not-held	harness-tamper	2026-08-05.jsonl	1550
2026-08-05.jsonl	1551	rp-12467130-44111	None	not-held	test-tamper	2026-08-05.jsonl	1552
2026-08-11.jsonl	19	ng-21691867-89316	1	not-held	REPAIR_FAIL	2026-08-11.jsonl	20
2026-08-11.jsonl	40	ng-31695276-91076	1	not-held	REPAIR_FAIL	2026-08-11.jsonl	41
2026-08-11.jsonl	46	ng-33615313-91567	1	not-held	REPAIR_FAIL	2026-08-11.jsonl	47
2026-08-11.jsonl	65	ng-61943003-96276	1	held	-	2026-08-11.jsonl	66
2026-08-12.jsonl	233	ng-39240312-88201	1	held	-	2026-08-12.jsonl	234
2026-08-12.jsonl	442	ng-58811036-16837	1	held	-	2026-08-12.jsonl	443
2026-08-12.jsonl	448	ng-59273536-18778	1	held	-	2026-08-12.jsonl	451
2026-08-16.jsonl	17253	ng-16817501-90224	1	held	-	2026-08-16.jsonl	17282
2026-08-17.jsonl	292	ng-26164799-86200	1	held	-	2026-08-17.jsonl	337
2026-08-17.jsonl	628	ng-30774777-7033	1	not-held	REPAIR_FAIL	2026-08-17.jsonl	629
2026-08-17.jsonl	926	ng-33076079-23328	1	held	-	2026-08-17.jsonl	1031
2026-08-17.jsonl	1258	ng-34543873-37471	1	not-held	REPAIR_FAIL	2026-08-17.jsonl	1316
2026-08-17.jsonl	1665	ng-36909049-64862	1	held	-	2026-08-17.jsonl	1707
2026-08-17.jsonl	1982	ng-58296094-14531	1	held	-	2026-08-17.jsonl	1994
2026-08-17.jsonl	2067	ng-58818071-21523	1	not-held	REPAIR_FAIL	2026-08-17.jsonl	2152
2026-08-17.jsonl	2404	ng-60879026-40775	1	held	-	2026-08-17.jsonl	2453
2026-08-17.jsonl	2872	ng-63876213-11355	1	held	-	2026-08-17.jsonl	3019
2026-08-17.jsonl	3110	ng-64701569-22284	1	not-held	REPAIR_FAIL	2026-08-17.jsonl	3137
2026-08-17.jsonl	3304	ng-65782064-31179	1	held	-	2026-08-17.jsonl	3348
2026-08-17.jsonl	3544	ng-66454660-41853	1	held	-	2026-08-17.jsonl	3609
2026-08-17.jsonl	4870	ng-75922607-97434	1	not-held	REPAIR_FAIL	2026-08-17.jsonl	4902
2026-08-17.jsonl	4953	ng-76975942-12230	1	held	-	2026-08-17.jsonl	4972
2026-08-17.jsonl	5696	ng-80791689-45758	1	held	-	2026-08-17.jsonl	5798
